"employee_id","email_address"
"1","bernard.weatherly@example-site.edu"
"2","cordia.knopp@example-site.edu"
"3","burton.jin@example-site.edu"
"4","lauren.guzzi@example-site.edu"
"5","carter.hunt@example-site.edu"
"6","isaiah.magwood@example-site.edu"
"7","hugh.chavira@example-site.edu"
"8","lucius.moorhead@example-site.edu"
"9","deane.keown@example-site.edu"
"10","joannie.wolters@example-site.edu"
"11","christene.mccaleb@example-site.edu"
"12","alline.kushner@example-site.edu"
"13","vicki.hargrave@example-site.edu"
"14","julienne.merkel@example-site.edu"
"15","keven.thole@example-site.edu"
"16","eusebia.waldroup@example-site.edu"
"17","veronique.eccleston@example-site.edu"
"18","sean.richman@example-site.edu"
"19","lala.marquez@example-site.edu"
"20","derick.macey@example-site.edu"
"21","eda.brase@example-site.edu"
"22","willis.weissman@example-site.edu"
"23","mariam.pinheiro@example-site.edu"
"24","malcom.meister@example-site.edu"
"25","holli.ethridge@example-site.edu"
"26","cole.poling@example-site.edu"
"27","ahmad.lynde@example-site.edu"
"28","mariano.leary@example-site.edu"
"29","tawanda.buchanon@example-site.edu"
"30","nickolas.grossi@example-site.edu"
"31","bradford.marlatt@example-site.edu"
"32","carlton.bose@example-site.edu"
"33","asuncion.braunstein@example-site.edu"
"34","theron.kramer@example-site.edu"
"35","jeramy.metoyer@example-site.edu"
"36","sol.roger@example-site.edu"
"37","earnest.birkholz@example-site.edu"
"38","amada.knouse@example-site.edu"
"39","gregorio.hottinger@example-site.edu"
"40","lawerence.abernethy@example-site.edu"
"41","marina.quayle@example-site.edu"
"42","whitney.wasinger@example-site.edu"
"43","roy.wilkie@example-site.edu"
"44","hyun.bynoe@example-site.edu"
"45","katelin.coney@example-site.edu"
"46","jennifer.pridgen@example-site.edu"
"47","zachary.breeden@example-site.edu"
"48","deon.mounce@example-site.edu"
"49","buddy.steinbeck@example-site.edu"
"50","julius.bakker@example-site.edu"
"51","hans.koh@example-site.edu"
"52","jamal.dimarco@example-site.edu"
"53","stephan.ranger@example-site.edu"
"54","jackie.montague@example-site.edu"
"55","nathanael.ohl@example-site.edu"
"56","hosea.michelson@example-site.edu"
"57","carly.sirianni@example-site.edu"
"58","abram.manrique@example-site.edu"
"59","mica.herzberg@example-site.edu"
"60","lemuel.hardman@example-site.edu"
"61","shanelle.hick@example-site.edu"
"62","maryellen.hartness@example-site.edu"
"63","sylvester.blackledge@example-site.edu"
"64","vivienne.binion@example-site.edu"
"65","ahmed.minch@example-site.edu"
"66","leopoldo.hole@example-site.edu"
"67","gemma.chilton@example-site.edu"
"68","laurence.ryles@example-site.edu"
"69","eleanor.dickson@example-site.edu"
"70","elsy.latta@example-site.edu"
"71","sherwood.shire@example-site.edu"
"72","carolynn.moynihan@example-site.edu"
"73","mckinley.scofield@example-site.edu"
"74","brendon.crowther@example-site.edu"
"75","nancy.trogdon@example-site.edu"
"76","darin.shipp@example-site.edu"
"77","joel.maine@example-site.edu"
"78","luciana.campfield@example-site.edu"
"79","gilbert.bloss@example-site.edu"
"80","sharda.choudhury@example-site.edu"
"81","chung.moynihan@example-site.edu"
"82","dayna.edmondson@example-site.edu"
"83","bobbie.miner@example-site.edu"
"84","gidget.loring@example-site.edu"
"85","hettie.lauber@example-site.edu"
"86","toi.stallard@example-site.edu"
"87","tristan.cockrell@example-site.edu"
"88","towanda.matson@example-site.edu"
"89","leland.fifield@example-site.edu"
"90","audria.barrios@example-site.edu"
"91","jim.lurie@example-site.edu"
"92","lorette.petrillo@example-site.edu"
"93","damian.grist@example-site.edu"
"94","zana.ordonez@example-site.edu"
"95","rhett.chapple@example-site.edu"
"96","jeneva.bybee@example-site.edu"
"97","brendon.camp@example-site.edu"
"98","nettie.mccandless@example-site.edu"
"99","lezlie.bohannan@example-site.edu"
"100","hester.cabana@example-site.edu"
"101","isobel.dance@example-site.edu"
"102","erica.harlan@example-site.edu"
"103","leda.haskell@example-site.edu"
"104","loralee.ball@example-site.edu"
"105","otha.orrell@example-site.edu"
"106","honey.eaves@example-site.edu"
"107","ellis.mcneel@example-site.edu"
"108","gabriel.beale@example-site.edu"
"109","nathanael.mcmillin@example-site.edu"
"110","donald.mazur@example-site.edu"
"111","eliz.linneman@example-site.edu"
"112","gracie.lett@example-site.edu"
"113","gema.grover@example-site.edu"
"114","delana.freedman@example-site.edu"
"115","mary.tate@example-site.edu"
"116","abe.macleod@example-site.edu"
"117","evon.lawson@example-site.edu"
"118","jerlene.dunnigan@example-site.edu"
"119","bobbie.schoenrock@example-site.edu"
"120","mike.waddington@example-site.edu"
"121","nigel.wadsworth@example-site.edu"
"122","hayden.novack@example-site.edu"
"123","voncile.trojanowski@example-site.edu"
"124","roberto.derry@example-site.edu"
"125","tona.huseby@example-site.edu"
"126","londa.maya@example-site.edu"
"127","jocelyn.scotti@example-site.edu"
"128","frank.mallon@example-site.edu"
"129","kurtis.irons@example-site.edu"
"130","jamey.seim@example-site.edu"
"131","walton.keim@example-site.edu"
"132","micki.jauregui@example-site.edu"
"133","ngoc.watson@example-site.edu"
"134","inocencia.buteau@example-site.edu"
"135","charlie.koeller@example-site.edu"
"136","rosy.baumeister@example-site.edu"
"137","charity.denman@example-site.edu"
"138","luke.tumlin@example-site.edu"
"139","hannah.ma@example-site.edu"
"140","celinda.magruder@example-site.edu"
"141","arturo.halvorsen@example-site.edu"
"142","tiny.oliveri@example-site.edu"
"143","kerri.card@example-site.edu"
"144","young.funes@example-site.edu"
"145","neomi.pitchford@example-site.edu"
"146","ivan.groner@example-site.edu"
"147","etsuko.wilmot@example-site.edu"
"148","william.mcnerney@example-site.edu"
"149","logan.berryman@example-site.edu"
"150","houston.joe@example-site.edu"
"151","coy.gentner@example-site.edu"
"152","jimmie.vasquez@example-site.edu"
"153","tommie.fargo@example-site.edu"
"154","daina.ledet@example-site.edu"
"155","sophia.knecht@example-site.edu"
"156","newton.scalia@example-site.edu"
"157","reatha.osby@example-site.edu"
"158","bell.molinaro@example-site.edu"
"159","jason.gravois@example-site.edu"
"160","elwood.more@example-site.edu"
"161","lewis.racette@example-site.edu"
"162","leigh.haws@example-site.edu"
"163","thomas.felipe@example-site.edu"
"164","israel.hertzler@example-site.edu"
"165","ona.koepp@example-site.edu"
"166","kristofer.calahan@example-site.edu"
"167","mark.hamman@example-site.edu"
"168","bobbie.holbrook@example-site.edu"
"169","abe.paro@example-site.edu"
"170","mignon.dills@example-site.edu"
"171","casey.krier@example-site.edu"
"172","scott.ricco@example-site.edu"
"173","rosemarie.fellows@example-site.edu"
"174","lisette.cowley@example-site.edu"
"175","molly.rasch@example-site.edu"
"176","felisha.ettinger@example-site.edu"
"177","linwood.carter@example-site.edu"
"178","madelyn.boos@example-site.edu"
"179","angelo.fitzmaurice@example-site.edu"
"180","gregory.kidwell@example-site.edu"
"181","bart.gilcrease@example-site.edu"
"182","warner.manly@example-site.edu"
"183","lala.denman@example-site.edu"
"184","elsie.depaz@example-site.edu"
"185","verla.contreras@example-site.edu"
"186","america.lobel@example-site.edu"
"187","walter.seddon@example-site.edu"
"188","margarito.oxendine@example-site.edu"
"189","arnoldo.mckeen@example-site.edu"
"190","kieth.castelli@example-site.edu"
"191","ngoc.pogue@example-site.edu"
"192","delana.selfridge@example-site.edu"
"193","liane.grafton@example-site.edu"
"194","vikki.lezama@example-site.edu"
"195","allyn.farrior@example-site.edu"
"196","glady.kump@example-site.edu"
"197","oscar.bovee@example-site.edu"
"198","valene.woodmansee@example-site.edu"
"199","richard.truman@example-site.edu"
"200","luigi.lembo@example-site.edu"
"201","isaiah.parrish@example-site.edu"
"202","scott.torrey@example-site.edu"
"203","shirl.caraballo@example-site.edu"
"204","robin.stewart@example-site.edu"
"205","shasta.depuy@example-site.edu"
"206","jorge.coghlan@example-site.edu"
"207","myles.strum@example-site.edu"
"208","herlinda.negron@example-site.edu"
"209","debbie.lipsey@example-site.edu"
"210","jenell.sauers@example-site.edu"
"211","leda.fabre@example-site.edu"
"212","edmundo.rew@example-site.edu"
"213","gerry.woolery@example-site.edu"
"214","berna.stoller@example-site.edu"
"215","adam.katzer@example-site.edu"
"216","kellee.gravelle@example-site.edu"
"217","shavon.wescott@example-site.edu"
"218","rozanne.mielke@example-site.edu"
"219","randee.cassity@example-site.edu"
"220","shemika.porterfield@example-site.edu"
"221","donte.granger@example-site.edu"
"222","ahmed.strope@example-site.edu"
"223","boris.mccown@example-site.edu"
"224","omer.moultrie@example-site.edu"
"225","hiram.stokely@example-site.edu"
"226","deanna.scoggin@example-site.edu"
"227","maris.briggs@example-site.edu"
"228","lona.collar@example-site.edu"
"229","eldridge.benningfield@example-site.edu"
"230","jimmie.rorie@example-site.edu"
"231","rachelle.burkhead@example-site.edu"
"232","miguel.karp@example-site.edu"
"233","raye.willmon@example-site.edu"
"234","christi.amaker@example-site.edu"
"235","liberty.shroyer@example-site.edu"
"236","zack.mumaw@example-site.edu"
"237","blanch.mysliwiec@example-site.edu"
"238","tammy.lorentz@example-site.edu"
"239","maximina.frates@example-site.edu"
"240","kiara.abrahamson@example-site.edu"
"241","retha.nealy@example-site.edu"
"242","andre.maxon@example-site.edu"
"243","vern.lomeli@example-site.edu"
"244","erin.stclair@example-site.edu"
"245","detra.rymer@example-site.edu"
"246","doug.southwick@example-site.edu"
"247","gia.casas@example-site.edu"
"248","emeline.richer@example-site.edu"
"249","richard.fetter@example-site.edu"
"250","rick.haefner@example-site.edu"
"251","shannon.force@example-site.edu"
"252","gabriel.pearsall@example-site.edu"
"253","geri.tuthill@example-site.edu"
"254","lauren.hennessy@example-site.edu"
"255","monty.hughes@example-site.edu"
"256","bryant.kinsman@example-site.edu"
"257","giovanna.clift@example-site.edu"
"258","tracie.winebarger@example-site.edu"
"259","narcisa.rayburn@example-site.edu"
"260","almeda.dunford@example-site.edu"
"261","melida.corle@example-site.edu"
"262","armando.seaborn@example-site.edu"
"263","efrain.wass@example-site.edu"
"264","edra.guthrie@example-site.edu"
"265","harland.renshaw@example-site.edu"
"266","leroy.styron@example-site.edu"
"267","maryln.springfield@example-site.edu"
"268","elenora.whitehill@example-site.edu"
"269","izola.ye@example-site.edu"
"270","dorethea.engram@example-site.edu"
"271","anibal.pieper@example-site.edu"
"272","ula.hartl@example-site.edu"
"273","latanya.law@example-site.edu"
"274","brent.perlman@example-site.edu"
"275","eveline.strecker@example-site.edu"
"276","keila.lucas@example-site.edu"
"277","aliza.sammons@example-site.edu"
"278","bennie.manfredi@example-site.edu"
"279","lucinda.borton@example-site.edu"
"280","keila.lofland@example-site.edu"
"281","royce.goodwyn@example-site.edu"
"282","rickey.delk@example-site.edu"
"283","delsie.tennison@example-site.edu"
"284","jayme.shimer@example-site.edu"
"285","gilbert.wolfgram@example-site.edu"
"286","isabella.russell@example-site.edu"
"287","rueben.pidgeon@example-site.edu"
"288","raymond.flavin@example-site.edu"
"289","larry.mash@example-site.edu"
"290","nicolle.crothers@example-site.edu"
"291","gustavo.rouse@example-site.edu"
"292","victoria.musson@example-site.edu"
"293","dawne.gardner@example-site.edu"
"294","newton.cromartie@example-site.edu"
"295","doria.crouse@example-site.edu"
"296","gerry.koh@example-site.edu"
"297","audrea.papineau@example-site.edu"
"298","rhett.goode@example-site.edu"
"299","royal.okeefe@example-site.edu"
"300","keith.ofarrell@example-site.edu"
"301","exie.bradham@example-site.edu"
"302","george.clouser@example-site.edu"
"303","benny.brinker@example-site.edu"
"304","forrest.zell@example-site.edu"
"305","audrie.mccammon@example-site.edu"
"306","marylyn.ditto@example-site.edu"
"307","kori.fairfax@example-site.edu"
"308","lamar.estill@example-site.edu"
"309","giuseppe.chouinard@example-site.edu"
"310","khalilah.campo@example-site.edu"
"311","darcel.burford@example-site.edu"
"312","august.navarette@example-site.edu"
"313","lanelle.berlanga@example-site.edu"
"314","allene.lepe@example-site.edu"
"315","eladia.braggs@example-site.edu"
"316","agnes.doud@example-site.edu"
"317","carlo.ali@example-site.edu"
"318","emery.sorrells@example-site.edu"
"319","violet.ertel@example-site.edu"
"320","deeanna.cluck@example-site.edu"
"321","morgan.rathbun@example-site.edu"
"322","julius.stock@example-site.edu"
"323","palmer.beamer@example-site.edu"
"324","vincent.lennon@example-site.edu"
"325","alexis.bonelli@example-site.edu"
"326","claretta.wingert@example-site.edu"
"327","cecily.houser@example-site.edu"
"328","horacio.salazar@example-site.edu"
"329","adelle.brunner@example-site.edu"
"330","janessa.drennen@example-site.edu"
"331","ewa.staples@example-site.edu"
"332","holley.cathcart@example-site.edu"
"333","tim.schueller@example-site.edu"
"334","therese.belden@example-site.edu"
"335","susann.faucett@example-site.edu"
"336","bryan.stampley@example-site.edu"
"337","larisa.strauss@example-site.edu"
"338","adriana.medved@example-site.edu"
"339","rick.armenta@example-site.edu"
"340","garland.verville@example-site.edu"
"341","ettie.stilwell@example-site.edu"
"342","ronnie.gumbs@example-site.edu"
"343","shirley.mettler@example-site.edu"
"344","ahmed.lease@example-site.edu"
"345","albert.dunford@example-site.edu"
"346","erin.jasmin@example-site.edu"
"347","raphael.kellner@example-site.edu"
"348","man.bean@example-site.edu"
"349","nikia.thrasher@example-site.edu"
"350","cedrick.cordle@example-site.edu"
"351","chi.clopton@example-site.edu"
"352","carl.paddock@example-site.edu"
"353","nestor.ventura@example-site.edu"
"354","salvatore.lindell@example-site.edu"
"355","phil.urena@example-site.edu"
"356","buford.giancola@example-site.edu"
"357","garland.leavell@example-site.edu"
"358","fe.schrock@example-site.edu"
"359","dustin.espey@example-site.edu"
"360","tinisha.vince@example-site.edu"
"361","isis.hash@example-site.edu"
"362","hai.arden@example-site.edu"
"363","gerardo.bergen@example-site.edu"
"364","jewel.willhite@example-site.edu"
"365","jesus.mclelland@example-site.edu"
"366","dortha.harty@example-site.edu"
"367","pete.donnelly@example-site.edu"
"368","kristen.beauchemin@example-site.edu"
"369","celesta.reeser@example-site.edu"
"370","desiree.sobel@example-site.edu"
"371","izetta.alford@example-site.edu"
"372","hermila.crosslin@example-site.edu"
"373","tommy.meadows@example-site.edu"
"374","cordell.tweedy@example-site.edu"
"375","bernarda.gervais@example-site.edu"
"376","raymon.chavarria@example-site.edu"
"377","audrea.prather@example-site.edu"
"378","isis.rufus@example-site.edu"
"379","lucienne.clyne@example-site.edu"
"380","jasper.barnaby@example-site.edu"
"381","walter.mcmorrow@example-site.edu"
"382","shasta.bay@example-site.edu"
"383","darren.shoulders@example-site.edu"
"384","nicola.bellis@example-site.edu"
"385","thurman.caceres@example-site.edu"
"386","allen.vachon@example-site.edu"
"387","yung.booher@example-site.edu"
"388","emiko.lolley@example-site.edu"
"389","dian.peachey@example-site.edu"
"390","carmen.benbow@example-site.edu"
"391","kimberly.carr@example-site.edu"
"392","damian.mcgaughey@example-site.edu"
"393","jeff.zacarias@example-site.edu"
"394","vernell.amado@example-site.edu"
"395","nadia.rosner@example-site.edu"
"396","elijah.elkin@example-site.edu"
"397","kirby.estrella@example-site.edu"
"398","bernie.kish@example-site.edu"
"399","judson.hodson@example-site.edu"
"400","carey.mccready@example-site.edu"
"401","shayne.claytor@example-site.edu"
"402","ashlie.cadena@example-site.edu"
"403","noah.love@example-site.edu"
"404","lashaunda.munden@example-site.edu"
"405","colin.likens@example-site.edu"
"406","kylie.freda@example-site.edu"
"407","krishna.raby@example-site.edu"
"408","launa.kohl@example-site.edu"
"409","trent.lockman@example-site.edu"
"410","alisha.coppock@example-site.edu"
"411","richie.weisz@example-site.edu"
"412","leticia.lewandowski@example-site.edu"
"413","elaine.randazzo@example-site.edu"
"414","jack.warfel@example-site.edu"
"415","kitty.sickles@example-site.edu"
"416","bruna.welke@example-site.edu"
"417","felix.croker@example-site.edu"
"418","eartha.oceguera@example-site.edu"
"419","laurena.caston@example-site.edu"
"420","beatrice.knopf@example-site.edu"
"421","zoila.nair@example-site.edu"
"422","jae.isabell@example-site.edu"
"423","donald.phaneuf@example-site.edu"
"424","tyrell.bramlett@example-site.edu"
"425","ela.hames@example-site.edu"
"426","marlon.caddell@example-site.edu"
"427","nolan.velazco@example-site.edu"
"428","ashanti.swim@example-site.edu"
"429","tamica.holoman@example-site.edu"
"430","marcell.farias@example-site.edu"
"431","abram.keffer@example-site.edu"
"432","silas.pyatt@example-site.edu"
"433","patria.riedel@example-site.edu"
"434","nicholas.salcedo@example-site.edu"
"435","brendon.mone@example-site.edu"
"436","velda.larue@example-site.edu"
"437","sharita.lombardi@example-site.edu"
"438","virgil.yuen@example-site.edu"
"439","delfina.day@example-site.edu"
"440","haley.bova@example-site.edu"
"441","margarite.blalock@example-site.edu"
"442","rina.chacon@example-site.edu"
"443","ramonita.fincher@example-site.edu"
"444","lindsey.whittle@example-site.edu"
"445","mauricio.talty@example-site.edu"
"446","chau.barron@example-site.edu"
"447","lino.lizarraga@example-site.edu"
"448","fredericka.varney@example-site.edu"
"449","aundrea.lundberg@example-site.edu"
"450","son.ricketts@example-site.edu"
"451","dorothea.canterbury@example-site.edu"
"452","zenia.owings@example-site.edu"
"453","seth.lipsky@example-site.edu"
"454","miles.light@example-site.edu"
"455","tyler.larkins@example-site.edu"
"456","asa.kunze@example-site.edu"
"457","sal.heiden@example-site.edu"
"458","tomas.krout@example-site.edu"
"459","ben.lamson@example-site.edu"
"460","myra.parra@example-site.edu"
"461","adele.burnam@example-site.edu"
"462","adria.melendrez@example-site.edu"
"463","clemmie.montague@example-site.edu"
"464","valarie.gorecki@example-site.edu"
"465","adell.trower@example-site.edu"
"466","eric.irvine@example-site.edu"
"467","letha.apel@example-site.edu"
"468","nannie.seeman@example-site.edu"
"469","reynalda.millwood@example-site.edu"
"470","tanner.hollenbeck@example-site.edu"
"471","amado.bonet@example-site.edu"
"472","jeanetta.norden@example-site.edu"
"473","paris.leite@example-site.edu"
"474","alexis.grose@example-site.edu"
"475","chadwick.hargreaves@example-site.edu"
"476","perry.huddleston@example-site.edu"
"477","hollis.carr@example-site.edu"
"478","kiara.martinez@example-site.edu"
"479","brigitte.fendley@example-site.edu"
"480","bobbie.chumley@example-site.edu"
"481","hong.townson@example-site.edu"
"482","keith.macha@example-site.edu"
"483","harriett.mccurry@example-site.edu"
"484","andres.garner@example-site.edu"
"485","ken.weisberg@example-site.edu"
"486","moises.hughs@example-site.edu"
"487","sunshine.earle@example-site.edu"
"488","lavette.cheney@example-site.edu"
"489","carmen.barret@example-site.edu"
"490","lizzie.ratcliff@example-site.edu"
"491","nick.packard@example-site.edu"
"492","alonzo.stanford@example-site.edu"
"493","brett.vadnais@example-site.edu"
"494","madalene.martine@example-site.edu"
"495","charles.nicholes@example-site.edu"
"496","kristofer.fizer@example-site.edu"
"497","elmo.pagano@example-site.edu"
"498","lindy.reel@example-site.edu"
"499","dewayne.groom@example-site.edu"
"500","elenora.halley@example-site.edu"
"501","rosette.cascio@example-site.edu"
"502","analisa.birdsell@example-site.edu"
"503","jacinta.cheney@example-site.edu"
"504","matt.bramblett@example-site.edu"
"505","queenie.alder@example-site.edu"
"506","darwin.lemoine@example-site.edu"
"507","erik.steffen@example-site.edu"
"508","ching.applegate@example-site.edu"
"509","warren.manion@example-site.edu"
"510","celestine.alderson@example-site.edu"
"511","tammi.garret@example-site.edu"
"512","tamesha.knepper@example-site.edu"
"513","bernardina.roesch@example-site.edu"
"514","mariano.kyles@example-site.edu"
"515","kristie.jain@example-site.edu"
"516","jeff.lucero@example-site.edu"
"517","leanna.tibbetts@example-site.edu"
"518","robbie.heckman@example-site.edu"
"519","raymon.arney@example-site.edu"
"520","sergio.devereaux@example-site.edu"
"521","bobbie.reser@example-site.edu"
"522","drew.livingston@example-site.edu"
"523","ahmad.bone@example-site.edu"
"524","collin.gimbel@example-site.edu"
"525","refugio.oram@example-site.edu"
"526","salena.melchior@example-site.edu"
"527","jonathan.gallagher@example-site.edu"
"528","treena.palomo@example-site.edu"
"529","chung.dilbeck@example-site.edu"
"530","fransisca.bieber@example-site.edu"
"531","hiram.dorr@example-site.edu"
"532","dorene.shryock@example-site.edu"
"533","casey.sack@example-site.edu"
"534","mary.brunelle@example-site.edu"
"535","ruthie.linares@example-site.edu"
"536","sharice.muncie@example-site.edu"
"537","boyd.lipps@example-site.edu"
"538","racheal.savard@example-site.edu"
"539","lana.eckles@example-site.edu"
"540","hugh.boose@example-site.edu"
"541","max.vanalstyne@example-site.edu"
"542","simone.puleo@example-site.edu"
"543","robt.ellerbee@example-site.edu"
"544","peter.clore@example-site.edu"
"545","adriene.kimbell@example-site.edu"
"546","reid.monson@example-site.edu"
"547","jestine.shim@example-site.edu"
"548","evie.abels@example-site.edu"
"549","daryl.towle@example-site.edu"
"550","roman.thome@example-site.edu"
"551","felisa.her@example-site.edu"
"552","sabra.mcgarity@example-site.edu"
"553","kim.olivo@example-site.edu"
"554","ian.palmquist@example-site.edu"
"555","nakita.zito@example-site.edu"
"556","pura.windle@example-site.edu"
"557","quinn.ogilvie@example-site.edu"
"558","carlton.knutson@example-site.edu"
"559","mitchell.forshee@example-site.edu"
"560","gilbert.alcala@example-site.edu"
"561","tad.riojas@example-site.edu"
"562","tuan.garlock@example-site.edu"
"563","jennefer.prall@example-site.edu"
"564","mikki.neace@example-site.edu"
"565","kendrick.courts@example-site.edu"
"566","fermin.gulick@example-site.edu"
"567","lynda.ayer@example-site.edu"
"568","melva.chenard@example-site.edu"
"569","odell.hayward@example-site.edu"
"570","alane.high@example-site.edu"
"571","garland.arterburn@example-site.edu"
"572","carmelina.gorrell@example-site.edu"
"573","dee.orsini@example-site.edu"
"574","angeline.fett@example-site.edu"
"575","myrtle.fiore@example-site.edu"
"576","kirby.gamache@example-site.edu"
"577","celestine.ledford@example-site.edu"
"578","arlene.nellis@example-site.edu"
"579","lazaro.syed@example-site.edu"
"580","lynne.bohner@example-site.edu"
"581","veda.danis@example-site.edu"
"582","marci.vassallo@example-site.edu"
"583","janna.bibbins@example-site.edu"
"584","nila.chretien@example-site.edu"
"585","alesha.jarboe@example-site.edu"
"586","moises.guo@example-site.edu"
"587","donella.bodily@example-site.edu"
"588","jospeh.fulk@example-site.edu"
"589","zina.nation@example-site.edu"
"590","agnes.steppe@example-site.edu"
"591","lillie.wainscott@example-site.edu"
"592","mary.enriquez@example-site.edu"
"593","fiona.negrin@example-site.edu"
"594","geri.jiron@example-site.edu"
"595","son.mcardle@example-site.edu"
"596","rosalia.flavin@example-site.edu"
"597","ja.burbach@example-site.edu"
"598","josef.scaife@example-site.edu"
"599","alex.oakley@example-site.edu"
"600","sidney.chen@example-site.edu"
"601","thomas.meserve@example-site.edu"
"602","jesica.stackpole@example-site.edu"
"603","candy.wendel@example-site.edu"
"604","amanda.edmonson@example-site.edu"
"605","amee.cordray@example-site.edu"
"606","lelia.taylor@example-site.edu"
"607","soila.daigre@example-site.edu"
"608","al.richarson@example-site.edu"
"609","kayleigh.mccue@example-site.edu"
"610","shalanda.mejias@example-site.edu"
"611","preston.capasso@example-site.edu"
"612","matt.angelo@example-site.edu"
"613","gregg.sisler@example-site.edu"
"614","reatha.gaston@example-site.edu"
"615","danny.blaisdell@example-site.edu"
"616","susan.fortuna@example-site.edu"
"617","veola.trott@example-site.edu"
"618","danial.zamarripa@example-site.edu"
"619","thresa.caraballo@example-site.edu"
"620","stella.antone@example-site.edu"
"621","jina.heider@example-site.edu"
"622","herb.hasting@example-site.edu"
"623","cindy.mai@example-site.edu"
"624","julianne.bedolla@example-site.edu"
"625","melania.tice@example-site.edu"
"626","somer.dolph@example-site.edu"
"627","myron.small@example-site.edu"
"628","golda.clutter@example-site.edu"
"629","herbert.gassett@example-site.edu"
"630","clyde.stearns@example-site.edu"
"631","rosalba.feld@example-site.edu"
"632","bettyann.gottfried@example-site.edu"
"633","lucio.oboyle@example-site.edu"
"634","desire.lecompte@example-site.edu"
"635","adelaide.pettiford@example-site.edu"
"636","leisa.geary@example-site.edu"
"637","darnell.mckeever@example-site.edu"
"638","corinna.towner@example-site.edu"
"639","particia.rimmer@example-site.edu"
"640","jermaine.gammons@example-site.edu"
"641","liberty.gilcrease@example-site.edu"
"642","stanford.torrance@example-site.edu"
"643","damion.whiteman@example-site.edu"
"644","karlyn.boltz@example-site.edu"
"645","van.rutherford@example-site.edu"
"646","sari.wei@example-site.edu"
"647","jacob.cuddy@example-site.edu"
"648","andra.schiller@example-site.edu"
"649","elouise.fulcher@example-site.edu"
"650","donnell.golson@example-site.edu"
"651","shonna.edelstein@example-site.edu"
"652","miguel.mountain@example-site.edu"
"653","harvey.mcculley@example-site.edu"
"654","hipolito.scruggs@example-site.edu"
"655","maryam.meaux@example-site.edu"
"656","brian.postell@example-site.edu"
"657","calvin.sroka@example-site.edu"
"658","donte.mcray@example-site.edu"
"659","thelma.schechter@example-site.edu"
"660","jose.geib@example-site.edu"
"661","carlota.heist@example-site.edu"
"662","elnora.spurrier@example-site.edu"
"663","chadwick.legrand@example-site.edu"
"664","hailey.midgett@example-site.edu"
"665","thad.goris@example-site.edu"
"666","loris.jessen@example-site.edu"
"667","ivory.teegarden@example-site.edu"
"668","houston.stuckey@example-site.edu"
"669","abe.bettencourt@example-site.edu"
"670","dagmar.costanzo@example-site.edu"
"671","lucien.carrara@example-site.edu"
"672","dorian.stuber@example-site.edu"
"673","norris.yarbrough@example-site.edu"
"674","allan.gilstrap@example-site.edu"
"675","alfredo.gober@example-site.edu"
"676","robert.senecal@example-site.edu"
"677","rod.pipkin@example-site.edu"
"678","luella.sorrells@example-site.edu"
"679","luke.bernardi@example-site.edu"
"680","linnea.beckstead@example-site.edu"
"681","lester.morneau@example-site.edu"
"682","rufus.january@example-site.edu"
"683","daniel.mccaffrey@example-site.edu"
"684","rachelle.cooks@example-site.edu"
"685","dawna.bohman@example-site.edu"
"686","dong.sanabria@example-site.edu"
"687","neomi.carstens@example-site.edu"
"688","keith.coachman@example-site.edu"
"689","marcus.stenberg@example-site.edu"
"690","imogene.kanagy@example-site.edu"
"691","lovella.sheeran@example-site.edu"
"692","muriel.eudy@example-site.edu"
"693","beata.senter@example-site.edu"
"694","orval.kinley@example-site.edu"
"695","ursula.mcbrayer@example-site.edu"
"696","larhonda.gunther@example-site.edu"
"697","sharika.giuliano@example-site.edu"
"698","erich.shurtz@example-site.edu"
"699","edwardo.good@example-site.edu"
"700","kaycee.ortez@example-site.edu"
"701","era.zazueta@example-site.edu"
"702","cordell.lampert@example-site.edu"
"703","nicolle.wallace@example-site.edu"
"704","fred.schwab@example-site.edu"
"705","hector.panos@example-site.edu"
"706","nathanael.adkinson@example-site.edu"
"707","diego.tan@example-site.edu"
"708","else.watters@example-site.edu"
"709","vito.eckert@example-site.edu"
"710","bennie.chumbley@example-site.edu"
"711","caprice.mcbride@example-site.edu"
"712","bill.hass@example-site.edu"
"713","roxana.luo@example-site.edu"
"714","laine.dolce@example-site.edu"
"715","isaias.cosey@example-site.edu"
"716","miguel.icenhour@example-site.edu"
"717","stephen.stanek@example-site.edu"
"718","alaine.auzenne@example-site.edu"
"719","rolland.lesniak@example-site.edu"
"720","jean.ybanez@example-site.edu"
"721","sage.burt@example-site.edu"
"722","krysten.kastner@example-site.edu"
"723","leo.vitiello@example-site.edu"
"724","minna.lambdin@example-site.edu"
"725","rafael.sais@example-site.edu"
"726","jong.muldoon@example-site.edu"
"727","krysten.barley@example-site.edu"
"728","brendan.taulbee@example-site.edu"
"729","blaine.pink@example-site.edu"
"730","antoine.hodgins@example-site.edu"
"731","virgilio.muro@example-site.edu"
"732","jeffery.heitz@example-site.edu"
"733","tamala.gayle@example-site.edu"
"734","earnest.fredricks@example-site.edu"
"735","karen.dawe@example-site.edu"
"736","anton.traylor@example-site.edu"
"737","maynard.rush@example-site.edu"
"738","mahalia.edler@example-site.edu"
"739","jules.melchor@example-site.edu"
"740","tamala.reinhard@example-site.edu"
"741","trey.kirwin@example-site.edu"
"742","eva.villegas@example-site.edu"
"743","matthew.salzman@example-site.edu"
"744","isidro.boeding@example-site.edu"
"745","ferdinand.bulluck@example-site.edu"
"746","hermelinda.goris@example-site.edu"
"747","candice.mincey@example-site.edu"
"748","wayne.abbott@example-site.edu"
"749","concetta.sheperd@example-site.edu"
"750","audra.lepage@example-site.edu"
"751","hugo.majewski@example-site.edu"
"752","osvaldo.hepler@example-site.edu"
"753","ashly.saad@example-site.edu"
"754","lavonna.gebo@example-site.edu"
"755","stacey.seale@example-site.edu"
"756","landon.kerfoot@example-site.edu"
"757","ward.kell@example-site.edu"
"758","lachelle.cron@example-site.edu"
"759","nickolas.gamblin@example-site.edu"
"760","santo.westlund@example-site.edu"
"761","enrique.hartfield@example-site.edu"
"762","tara.guerrero@example-site.edu"
"763","carlo.hagood@example-site.edu"
"764","trevor.keaney@example-site.edu"
"765","carlton.gillett@example-site.edu"
"766","kimi.yeung@example-site.edu"
"767","etta.orduna@example-site.edu"
"768","tiffani.randel@example-site.edu"
"769","melvin.wildermuth@example-site.edu"
"770","mariann.bien@example-site.edu"
"771","burl.hadley@example-site.edu"
"772","raymond.panella@example-site.edu"
"773","eleonor.caples@example-site.edu"
"774","jake.bessette@example-site.edu"
"775","sherly.frink@example-site.edu"
"776","marica.moorehead@example-site.edu"
"777","marylin.wire@example-site.edu"
"778","delicia.y.osbourn@example-site.edu"
"779","twanna.dellinger@example-site.edu"
"780","elsy.boe@example-site.edu"
"781","long.kellison@example-site.edu"
"782","lyndsay.montague@example-site.edu"
"783","quincy.heckstall@example-site.edu"
"784","caryl.rigney@example-site.edu"
"785","tran.barreto@example-site.edu"
"786","jamie.kremer@example-site.edu"
"787","alverta.doxey@example-site.edu"
"788","jo.purser@example-site.edu"
"789","cayla.eisenman@example-site.edu"
"790","rosalie.kersten@example-site.edu"
"791","brady.westberg@example-site.edu"
"792","dave.olander@example-site.edu"
"793","louann.leonard@example-site.edu"
"794","antonina.vidaurri@example-site.edu"
"795","sheilah.elam@example-site.edu"
"796","artie.poch@example-site.edu"
"797","jackson.mori@example-site.edu"
"798","clint.bailey@example-site.edu"
"799","jordon.dostie@example-site.edu"
"800","missy.boles@example-site.edu"
"801","jimmy.fegan@example-site.edu"
"802","marlene.deeter@example-site.edu"
"803","jerrold.mealy@example-site.edu"
"804","dodie.shutts@example-site.edu"
"805","howard.broom@example-site.edu"
"806","sergio.jenson@example-site.edu"
"807","al.belin@example-site.edu"
"808","wilmer.carman@example-site.edu"
"809","roxann.malcom@example-site.edu"
"810","thi.belknap@example-site.edu"
"811","andrea.bowie@example-site.edu"
"812","marvis.mingle@example-site.edu"
"813","liza.losoya@example-site.edu"
"814","olen.goehring@example-site.edu"
"815","tommie.priebe@example-site.edu"
"816","wade.moyers@example-site.edu"
"817","zachariah.moriarty@example-site.edu"
"818","junita.ridenhour@example-site.edu"
"819","martha.bustillos@example-site.edu"
"820","lucius.kuykendall@example-site.edu"
"821","li.felix@example-site.edu"
"822","eric.stallman@example-site.edu"
"823","derick.atchison@example-site.edu"
"824","lina.southern@example-site.edu"
"825","odilia.mccain@example-site.edu"
"826","maragret.stackpole@example-site.edu"
"827","shana.rembert@example-site.edu"
"828","hui.marinelli@example-site.edu"
"829","wendell.desouza@example-site.edu"
"830","michal.souders@example-site.edu"
"831","tonja.oatman@example-site.edu"
"832","jackson.rondon@example-site.edu"
"833","joycelyn.kogan@example-site.edu"
"834","chad.bruch@example-site.edu"
"835","eugenio.keifer@example-site.edu"
"836","adell.doyal@example-site.edu"
"837","hortencia.wyant@example-site.edu"
"838","gail.carrasco@example-site.edu"
"839","mellisa.dao@example-site.edu"
"840","melva.duty@example-site.edu"
"841","bethel.jessee@example-site.edu"
"842","lexie.witmer@example-site.edu"
"843","ricardo.borquez@example-site.edu"
"844","leonel.chamberlain@example-site.edu"
"845","long.pratt@example-site.edu"
"846","bob.wagnon@example-site.edu"
"847","carlee.bisbee@example-site.edu"
"848","benny.norred@example-site.edu"
"849","fletcher.shriner@example-site.edu"
"850","jacqualine.strait@example-site.edu"
"851","nathan.avina@example-site.edu"
"852","joseph.stroupe@example-site.edu"
"853","garfield.havel@example-site.edu"
"854","jefferson.bright@example-site.edu"
"855","andrea.albrecht@example-site.edu"
"856","renato.guillermo@example-site.edu"
"857","alberto.ernst@example-site.edu"
"858","rashad.alderete@example-site.edu"
"859","kenneth.whitehill@example-site.edu"
"860","nicolasa.gordan@example-site.edu"
"861","zita.allie@example-site.edu"
"862","lucio.couto@example-site.edu"
"863","joycelyn.zorn@example-site.edu"
"864","lilliam.shadle@example-site.edu"
"865","iraida.michaelson@example-site.edu"
"866","oliva.pohl@example-site.edu"
"867","devon.laverriere@example-site.edu"
"868","nola.fairweather@example-site.edu"
"869","elliott.deas@example-site.edu"
"870","winter.konrad@example-site.edu"
"871","lynn.grill@example-site.edu"
"872","susann.carty@example-site.edu"
"873","jere.ostby@example-site.edu"
"874","page.motz@example-site.edu"
"875","karry.perrault@example-site.edu"
"876","era.culbreth@example-site.edu"
"877","morris.asaro@example-site.edu"
"878","osvaldo.appel@example-site.edu"
"879","helen.cardiel@example-site.edu"
"880","truman.root@example-site.edu"
"881","denice.gaertner@example-site.edu"
"882","delmy.sund@example-site.edu"
"883","aaron.holquin@example-site.edu"
"884","warren.langner@example-site.edu"
"885","guadalupe.maney@example-site.edu"
"886","lincoln.grizzle@example-site.edu"
"887","jacquelyn.stennett@example-site.edu"
"888","hubert.sherrill@example-site.edu"
"889","kelli.man@example-site.edu"
"890","marvis.storms@example-site.edu"
"891","ernesto.dorsett@example-site.edu"
"892","corazon.goble@example-site.edu"
"893","shanon.pucci@example-site.edu"
"894","vaughn.lumsden@example-site.edu"
"895","terry.wentzel@example-site.edu"
"896","merlene.callahan@example-site.edu"
"897","chris.negrin@example-site.edu"
"898","ron.patchen@example-site.edu"
"899","rosetta.marvin@example-site.edu"
"900","jamal.vezina@example-site.edu"
"901","evan.bator@example-site.edu"
"902","emanuel.gowin@example-site.edu"
"903","chase.cowen@example-site.edu"
"904","harlan.delany@example-site.edu"
"905","milford.rodrigues@example-site.edu"
"906","yvette.luckey@example-site.edu"
"907","neva.krahn@example-site.edu"
"908","norman.nolen@example-site.edu"
"909","cindy.dossett@example-site.edu"
"910","precious.bunch@example-site.edu"
"911","kyoko.mock@example-site.edu"
"912","victor.glasscock@example-site.edu"
"913","landon.coldwell@example-site.edu"
"914","carmen.pierson@example-site.edu"
"915","warner.peterman@example-site.edu"
"916","cherise.romeo@example-site.edu"
"917","cyndy.breece@example-site.edu"
"918","thea.rademacher@example-site.edu"
"919","galen.oyama@example-site.edu"
"920","ok.rish@example-site.edu"
"921","cathryn.brazier@example-site.edu"
"922","maxwell.wexler@example-site.edu"
"923","eugena.lecuyer@example-site.edu"
"924","freddy.morefield@example-site.edu"
"925","bernie.lonergan@example-site.edu"
"926","ashlie.clinton@example-site.edu"
"927","domingo.raposa@example-site.edu"
"928","yasmin.tollefson@example-site.edu"
"929","norman.tafoya@example-site.edu"
"930","lelia.coppin@example-site.edu"
"931","brinda.camara@example-site.edu"
"932","jordan.knupp@example-site.edu"
"933","eura.olmo@example-site.edu"
"934","hee.molinaro@example-site.edu"
"935","jon.new@example-site.edu"
"936","chester.martina@example-site.edu"
"937","jon.gustavson@example-site.edu"
"938","rory.greiner@example-site.edu"
"939","bud.gentile@example-site.edu"
"940","maria.bingaman@example-site.edu"
"941","windy.allard@example-site.edu"
"942","stephanie.shatley@example-site.edu"
"943","dollie.bottorff@example-site.edu"
"944","valentine.wier@example-site.edu"
"945","alec.amos@example-site.edu"
"946","tamatha.sitz@example-site.edu"
"947","wonda.emmerich@example-site.edu"
"948","jewell.charon@example-site.edu"
"949","lindy.curtsinger@example-site.edu"
"950","birgit.lowrance@example-site.edu"
"951","julian.pippen@example-site.edu"
"952","marc.benito@example-site.edu"
"953","thao.santiago@example-site.edu"
"954","leslie.vanderhoff@example-site.edu"
"955","zana.bartel@example-site.edu"
"956","shanta.bassham@example-site.edu"
"957","chuck.sydnor@example-site.edu"
"958","clay.sawicki@example-site.edu"
"959","ashton.mooneyhan@example-site.edu"
"960","logan.kriner@example-site.edu"
"961","buster.baughn@example-site.edu"
"962","dick.mcelwain@example-site.edu"
"963","dolly.forsman@example-site.edu"
"964","lamont.deese@example-site.edu"
"965","dionne.michaud@example-site.edu"
"966","demetrius.mendes@example-site.edu"
"967","angelique.moorhead@example-site.edu"
"968","stefan.kittinger@example-site.edu"
"969","willie.narcisse@example-site.edu"
"970","orval.bice@example-site.edu"
"971","marcelo.danaher@example-site.edu"
"972","aubrey.mikel@example-site.edu"
"973","karina.trotta@example-site.edu"
"974","taneka.samson@example-site.edu"
"975","jena.jesus@example-site.edu"
"976","lavera.mardis@example-site.edu"
"977","elanor.messinger@example-site.edu"
"978","krystina.teasley@example-site.edu"
"979","altagracia.whistler@example-site.edu"
"980","wilson.gonser@example-site.edu"
"981","abram.valletta@example-site.edu"
"982","cherri.wrenn@example-site.edu"
"983","joyce.mealey@example-site.edu"
"984","jamel.seman@example-site.edu"
"985","archie.fludd@example-site.edu"
"986","hunter.radcliff@example-site.edu"
"987","vicente.tarpley@example-site.edu"
"988","tessa.brazil@example-site.edu"
"989","lupe.kivett@example-site.edu"
"990","jolynn.griswold@example-site.edu"
"991","victoria.munos@example-site.edu"
"992","shavonne.allgood@example-site.edu"
"993","rosaura.powe@example-site.edu"
"994","rudy.watchman@example-site.edu"
"995","laverna.garr@example-site.edu"
"996","nathan.rex@example-site.edu"
"997","elenora.bragg@example-site.edu"
"998","walker.waldon@example-site.edu"
"999","jennine.piotrowski@example-site.edu"
"1000","thad.pasco@example-site.edu"
"1001","reatha.kelsch@example-site.edu"
"1002","haywood.legaspi@example-site.edu"
"1003","latisha.leffel@example-site.edu"
"1004","bryanna.berwick@example-site.edu"
"1005","noe.shoults@example-site.edu"
"1006","landon.lafontaine@example-site.edu"
"1007","lesley.shryock@example-site.edu"
"1008","brenton.hott@example-site.edu"
"1009","karissa.llanos@example-site.edu"
"1010","brendan.hepburn@example-site.edu"
"1011","maisie.niles@example-site.edu"
"1012","hayden.laseter@example-site.edu"
"1013","otto.yarger@example-site.edu"
"1014","adalberto.hailey@example-site.edu"
"1015","sharika.crandall@example-site.edu"
"1016","shayne.cowgill@example-site.edu"
"1017","leeann.kober@example-site.edu"
"1018","chong.malcolm@example-site.edu"
"1019","trevor.weathers@example-site.edu"
"1020","kim.worsham@example-site.edu"
"1021","edward.rieke@example-site.edu"
"1022","hae.lanz@example-site.edu"
"1023","ed.scanlon@example-site.edu"
"1024","leon.olmstead@example-site.edu"
"1025","kerstin.layman@example-site.edu"
"1026","latricia.golson@example-site.edu"
"1027","creola.barge@example-site.edu"
"1028","dwight.starling@example-site.edu"
"1029","hassie.malkin@example-site.edu"
"1030","zachariah.pannell@example-site.edu"
"1031","galen.baltz@example-site.edu"
"1032","jonell.rempe@example-site.edu"
"1033","freddy.villani@example-site.edu"
"1034","antone.graf@example-site.edu"
"1035","deloras.behrendt@example-site.edu"
"1036","hyun.krebs@example-site.edu"
"1037","morgan.lampley@example-site.edu"
"1038","noe.barra@example-site.edu"
"1039","earnest.connor@example-site.edu"
"1040","randy.weishaar@example-site.edu"
"1041","enoch.matas@example-site.edu"
"1042","cathie.forrest@example-site.edu"
"1043","ismael.havard@example-site.edu"
"1044","bobby.plowman@example-site.edu"
"1045","edmundo.wait@example-site.edu"
"1046","shantay.lytton@example-site.edu"
"1047","janice.dedmon@example-site.edu"
"1048","nam.forrester@example-site.edu"
"1049","shantell.bergman@example-site.edu"
"1050","olevia.negron@example-site.edu"
"1051","albertine.squires@example-site.edu"
"1052","deonna.dobbins@example-site.edu"
"1053","wilma.damato@example-site.edu"
"1054","sima.pettry@example-site.edu"
"1055","clifton.willingham@example-site.edu"
"1056","richie.heroux@example-site.edu"
"1057","bertram.gunderson@example-site.edu"
"1058","shirleen.donmoyer@example-site.edu"
"1059","dong.greenleaf@example-site.edu"
"1060","keila.arthur@example-site.edu"
"1061","corey.hoag@example-site.edu"
"1062","kia.bump@example-site.edu"
"1063","clyde.holifield@example-site.edu"
"1064","yvonne.villar@example-site.edu"
"1065","jesus.gleason@example-site.edu"
"1066","dudley.calderone@example-site.edu"
"1067","derek.griego@example-site.edu"
"1068","arlene.glover@example-site.edu"
"1069","onita.otoole@example-site.edu"
"1070","donovan.dreiling@example-site.edu"
"1071","ivonne.miceli@example-site.edu"
"1072","rebbecca.wygant@example-site.edu"
"1073","roy.grice@example-site.edu"
"1074","frank.chapin@example-site.edu"
"1075","ferdinand.chico@example-site.edu"
"1076","raeann.mcgriff@example-site.edu"
"1077","jarvis.hillman@example-site.edu"
"1078","august.brockman@example-site.edu"
"1079","salvador.greenwalt@example-site.edu"
"1080","elana.hungerford@example-site.edu"
"1081","camellia.horstman@example-site.edu"
"1082","danilo.snead@example-site.edu"
"1083","theodore.thrower@example-site.edu"
"1084","noe.blanchard@example-site.edu"
"1085","charlsie.baize@example-site.edu"
"1086","jimmy.tavarez@example-site.edu"
"1087","lupe.scher@example-site.edu"
"1088","reid.heine@example-site.edu"
"1089","reiko.chapel@example-site.edu"
"1090","brittani.carroll@example-site.edu"
"1091","long.stem@example-site.edu"
"1092","stepanie.devito@example-site.edu"
"1093","christene.reck@example-site.edu"
"1094","adolfo.provencher@example-site.edu"
"1095","avery.puglisi@example-site.edu"
"1096","ernesto.powley@example-site.edu"
"1097","hyman.broman@example-site.edu"
"1098","nathaniel.werts@example-site.edu"
"1099","elmo.mccree@example-site.edu"
"1100","suzann.lazaro@example-site.edu"
"1101","mica.stump@example-site.edu"
"1102","laure.kinzer@example-site.edu"
"1103","cortez.tom@example-site.edu"
"1104","tonja.frisby@example-site.edu"
"1105","stacey.resler@example-site.edu"
"1106","enrique.mengel@example-site.edu"
"1107","asa.freeze@example-site.edu"
"1108","tiny.sherrell@example-site.edu"
"1109","jeanie.studebaker@example-site.edu"
"1110","so.lemmon@example-site.edu"
"1111","selene.blohm@example-site.edu"
"1112","tiera.rios@example-site.edu"
"1113","verlene.mulhall@example-site.edu"
"1114","cyril.messner@example-site.edu"
"1115","jocelyn.woodberry@example-site.edu"
"1116","ross.stricklin@example-site.edu"
"1117","dori.kron@example-site.edu"
"1118","agustin.juan@example-site.edu"
"1119","thomas.weldon@example-site.edu"
"1120","fritz.call@example-site.edu"
"1121","cristal.dipaolo@example-site.edu"
"1122","evelia.saenz@example-site.edu"
"1123","chas.marchand@example-site.edu"
"1124","stephenie.larimer@example-site.edu"
"1125","emmitt.garten@example-site.edu"
"1126","avis.zehr@example-site.edu"
"1127","aron.fassett@example-site.edu"
"1128","queen.witt@example-site.edu"
"1129","piper.insley@example-site.edu"
"1130","charley.marable@example-site.edu"
"1131","sanora.bigham@example-site.edu"
"1132","yaeko.owen@example-site.edu"
"1133","luisa.almazan@example-site.edu"
"1134","sung.bohman@example-site.edu"
"1135","daryl.eberhart@example-site.edu"
"1136","herminia.mcginnis@example-site.edu"
"1137","quinn.stockstill@example-site.edu"
"1138","neil.lowenstein@example-site.edu"
"1139","billy.messing@example-site.edu"
"1140","miranda.stocker@example-site.edu"
"1141","bernarda.huynh@example-site.edu"
"1142","giselle.lemaster@example-site.edu"
"1143","gwen.carrasquillo@example-site.edu"
"1144","brendon.shaul@example-site.edu"
"1145","boris.mathieu@example-site.edu"
"1146","michaela.wamsley@example-site.edu"
"1147","glendora.sottile@example-site.edu"
"1148","sulema.king@example-site.edu"
"1149","donnie.giambrone@example-site.edu"
"1150","hong.watts@example-site.edu"
"1151","rashad.espy@example-site.edu"
"1152","rosa.sano@example-site.edu"
"1153","ivory.cumming@example-site.edu"
"1154","katelynn.whitten@example-site.edu"
"1155","everette.simpson@example-site.edu"
"1156","matt.slade@example-site.edu"
"1157","birdie.bazan@example-site.edu"
"1158","oliva.trail@example-site.edu"
"1159","lorraine.tims@example-site.edu"
"1160","rashad.wroblewski@example-site.edu"
"1161","arielle.bopp@example-site.edu"
"1162","elza.wold@example-site.edu"
"1163","june.culler@example-site.edu"
"1164","cecil.umana@example-site.edu"
"1165","francisco.hecker@example-site.edu"
"1166","steve.beattie@example-site.edu"
"1167","brent.preuss@example-site.edu"
"1168","elias.howle@example-site.edu"
"1169","laurence.chamlee@example-site.edu"
"1170","dorotha.mallett@example-site.edu"
"1171","tony.kreider@example-site.edu"
"1172","june.strine@example-site.edu"
"1173","russel.hugo@example-site.edu"
"1174","reinaldo.winkel@example-site.edu"
"1175","sharie.eskew@example-site.edu"
"1176","suk.vanleuven@example-site.edu"
"1177","hai.grasser@example-site.edu"
"1178","katrice.mealey@example-site.edu"
"1179","bert.pelaez@example-site.edu"
"1180","solomon.coffelt@example-site.edu"
"1181","amado.vela@example-site.edu"
"1182","shanita.pedrosa@example-site.edu"
"1183","doyle.valentino@example-site.edu"
"1184","keesha.deemer@example-site.edu"
"1185","karlyn.whetzel@example-site.edu"
"1186","mathilda.fernandez@example-site.edu"
"1187","jolynn.ladd@example-site.edu"
"1188","shavonne.kowal@example-site.edu"
"1189","loida.wilcox@example-site.edu"
"1190","elenor.eder@example-site.edu"
"1191","rusty.skeens@example-site.edu"
"1192","jaime.etheridge@example-site.edu"
"1193","petrina.bahr@example-site.edu"
"1194","cristopher.latimer@example-site.edu"
"1195","rivka.lowrie@example-site.edu"
"1196","hung.grau@example-site.edu"
"1197","irwin.todaro@example-site.edu"
"1198","syble.dulac@example-site.edu"
"1199","gianna.mcclean@example-site.edu"
"1200","reinaldo.belford@example-site.edu"
